{
    "nn": {
        "alpha": [
            1e-8,
            7.742637e-8,
            5.994842e-7,
            4.641589e-6,
            3.5938137e-5,
            2.7825593e-4,
            2.1544348e-3,
            1.6681006e-2,
            1.2915497e-1,
            1
        ],
        "batch_size": [
            4,
            6,
            10,
            16,
            25,
            40,
            64,
            101,
            161,
            256
        ],
        "depth": [
            1,
            2,
            3
        ],
        "learning_rate_init": [
            1e-5,
            3.5938137e-5,
            1.2915497e-4,
            4.641589e-4,
            1.6681006e-3,
            5.9948424e-3,
            2.1544347e-2,
            7.742637e-2,
            2.7825594e-1,
            1
        ],
        "width": [
            16,
            25,
            40,
            64,
            101,
            161,
            256,
            406,
            645,
            1024
        ]
    },
    "rf": {
        "max_depth": [
            1.0,
            2.0,
            3.0,
            5.0,
            8.0,
            13.0,
            20.0,
            32.0,
            50.0
        ],
        "max_features": [
            0.0,
            0.1111111119389534,
            0.2222222238779068,
            0.3333333432674408,
            0.4444444477558136,
            0.5555555820465088,
            0.6666666865348816,
            0.7777777910232544,
            0.8888888955116272,
            1.0
        ],
        "min_samples_leaf": [
            1.0, 3.0, 5.0, 7.0, 9.0, 11.0, 13.0, 15.0, 17.0, 20.0
        ],
        "min_samples_split": [
            2.0, 3.0, 5.0, 8.0, 12.0, 20.0, 32.0, 50.0, 80.0, 128.0
        ]
    },
    "xgb": {
        "colsample_bytree": [
            0.10000000149011612,
            0.20000000298023224,
            0.30000001192092896,
            0.4000000059604645,
            0.5,
            0.6000000238418579,
            0.699999988079071,
            0.800000011920929,
            0.8999999761581421,
            1.0
        ],
        "eta": [
            0.0009765625,
            0.0021094917319715023,
            0.004556754138320684,
            0.009843133389949799,
            0.02126234397292137,
            0.045929204672575,
            0.09921256452798843,
            0.21431098878383636,
            0.4629373550415039,
            1.0
        ],
        "max_depth": [
            1.0, 2.0, 3.0, 5.0, 8.0, 13.0, 20.0, 32.0, 50.0
        ],
        "reg_lambda": [
            0.0009765625,
            0.004556754138320684,
            0.02126234397292137,
            0.09921256452798843,
            0.4629373550415039,
            2.1601195335388184,
            10.079368591308594,
            47.0315055847168,
            219.45445251464844,
            1024.0
        ]
    },
    "lr": {
         "alpha": [
            9.999999747378752e-06,
            1.6155980119947344e-05,
            2.6101572075276636e-05,
            4.2169649532297626e-05,
            6.812920764787123e-05,
            0.00011006941349478438,
            0.00017782794020604342,
            0.0002872984914574772,
            0.00046415888937190175,
            0.0007498941849917173,
            0.0012115276185795665,
            0.0019573417957872152,
            0.003162277629598975,
            0.005108969751745462,
            0.008254041895270348,
            0.013335213996469975,
            0.02154434658586979,
            0.034807004034519196,
            0.05623413249850273,
            0.09085175395011902,
            0.14677992463111877,
            0.23713737726211548,
            0.3831186890602112,
            0.6189658045768738,
            1.0
        ],
         "eta0": [
            9.999999747378752e-06,
            1.6155980119947344e-05,
            2.6101572075276636e-05,
            4.2169649532297626e-05,
            6.812920764787123e-05,
            0.00011006941349478438,
            0.00017782794020604342,
            0.0002872984914574772,
            0.00046415888937190175,
            0.0007498941849917173,
            0.0012115276185795665,
            0.0019573417957872152,
            0.003162277629598975,
            0.005108969751745462,
            0.008254041895270348,
            0.013335213996469975,
            0.02154434658586979,
            0.034807004034519196,
            0.05623413249850273,
            0.09085175395011902,
            0.14677992463111877,
            0.23713737726211548,
            0.3831186890602112,
            0.6189658045768738,
            1.0
        ]
    },
    "svm":{
        "C": [
            0.0009765625,
            0.001953125,
            0.00390625,
            0.0078125,
            0.015625,
            0.03125,
            0.0625,
            0.125,
            0.25,
            0.5,
            1.0,
            2.0,
            4.0,
            8.0,
            16.0,
            32.0,
            64.0,
            128.0,
            256.0,
            512.0,
            1024.0
        ],
        "gamma": [
            0.0009765625,
            0.001953125,
            0.00390625,
            0.0078125,
            0.015625,
            0.03125,
            0.0625,
            0.125,
            0.25,
            0.5,
            1.0,
            2.0,
            4.0,
            8.0,
            16.0,
            32.0,
            64.0,
            128.0,
            256.0,
            512.0,
            1024.0
        ]
    }
}